{
    "I": {
        "raw_time": {
            "mean": 0.0015756646216768908,
            "std": 0.14909988817524242,
            "rms": 0.14910821363315235,
            "ptp": 1.345
        },
        "processed_time": {
            "mean": 0.0,
            "std": 0.0,
            "rms": 0.0,
            "ptp": 0.0
        },
        "raw_freq": {
            "baseline_energy": 0.00037173387921142807,
            "physiological_energy": 0.021741592315977065,
            "highfreq_noise_energy": 0.000203355097558066,
            "powerline_50hz": 6.332341149196438e-06,
            "powerline_60hz": 1.8851398613322008e-06
        },
        "processed_freq": {
            "baseline_energy": 0.0,
            "physiological_energy": 0.0,
            "highfreq_noise_energy": 0.0,
            "powerline_50hz": 0.0,
            "powerline_60hz": 0.0
        },
        "snr_raw": 4.925776566485923,
        "snr_processed": 0.0,
        "correlation_raw_processed": NaN
    },
    "II": {
        "raw_time": {
            "mean": 0.005463531015678255,
            "std": 0.29071098562582287,
            "rms": 0.29076232103678196,
            "ptp": 2.511
        },
        "processed_time": {
            "mean": 0.0,
            "std": 0.0,
            "rms": 0.0,
            "ptp": 0.0
        },
        "raw_freq": {
            "baseline_energy": 0.006989386588839147,
            "physiological_energy": 0.049335064884756336,
            "highfreq_noise_energy": 0.0006028648723214539,
            "powerline_50hz": 4.404274341117322e-05,
            "powerline_60hz": 1.35823292316392e-05
        },
        "processed_freq": {
            "baseline_energy": 0.0,
            "physiological_energy": 0.0,
            "highfreq_noise_energy": 0.0,
            "powerline_50hz": 0.0,
            "powerline_60hz": 0.0
        },
        "snr_raw": 6.310325609762013,
        "snr_processed": 0.0,
        "correlation_raw_processed": NaN
    },
    "V1": {
        "raw_time": {
            "mean": 0.0010347648261758732,
            "std": 0.18127798465670217,
            "rms": 0.18128093793733815,
            "ptp": 1.623
        },
        "processed_time": {
            "mean": 0.0,
            "std": 0.0,
            "rms": 0.0,
            "ptp": 0.0
        },
        "raw_freq": {
            "baseline_energy": 0.0020944352119706706,
            "physiological_energy": 0.024987023735272704,
            "highfreq_noise_energy": 0.00031373934066233384,
            "powerline_50hz": 1.3648090194353687e-05,
            "powerline_60hz": 3.797822524378381e-06
        },
        "processed_freq": {
            "baseline_energy": 0.0,
            "physiological_energy": 0.0,
            "highfreq_noise_energy": 0.0,
            "powerline_50hz": 0.0,
            "powerline_60hz": 0.0
        },
        "snr_raw": 5.288273426532894,
        "snr_processed": 0.0,
        "correlation_raw_processed": NaN
    },
    "V5": {
        "raw_time": {
            "mean": -0.0009843217450579407,
            "std": 0.48142824580105237,
            "rms": 0.48142925206553067,
            "ptp": 4.285
        },
        "processed_time": {
            "mean": 0.0,
            "std": 0.0,
            "rms": 0.0,
            "ptp": 0.0
        },
        "raw_freq": {
            "baseline_energy": 0.0037679064478470642,
            "physiological_energy": 0.23404486545349845,
            "highfreq_noise_energy": 0.0033069202256771767,
            "powerline_50hz": 0.00013572271996504848,
            "powerline_60hz": 2.2609020448901263e-05
        },
        "processed_freq": {
            "baseline_energy": 0.0,
            "physiological_energy": 0.0,
            "highfreq_noise_energy": 0.0,
            "powerline_50hz": 0.0,
            "powerline_60hz": 0.0
        },
        "snr_raw": 4.541335833704923,
        "snr_processed": 0.0,
        "correlation_raw_processed": NaN
    }
}