{
    "I": {
        "raw_time": {
            "mean": 0.012747443762781184,
            "std": 0.3387350189141894,
            "rms": 0.3389747931060384,
            "ptp": 3.045
        },
        "processed_time": {
            "mean": 0.0,
            "std": 0.0,
            "rms": 0.0,
            "ptp": 0.0
        },
        "raw_freq": {
            "baseline_energy": 0.0003437521013631073,
            "physiological_energy": 0.11803161578966073,
            "highfreq_noise_energy": 0.0006494892014917962,
            "powerline_50hz": 4.339558907904309e-05,
            "powerline_60hz": 9.9870209166916e-06
        },
        "processed_freq": {
            "baseline_energy": 0.0,
            "physiological_energy": 0.0,
            "highfreq_noise_energy": 0.0,
            "powerline_50hz": 0.0,
            "powerline_60hz": 0.0
        },
        "snr_raw": 5.667329220288381,
        "snr_processed": 0.0,
        "correlation_raw_processed": NaN
    },
    "II": {
        "raw_time": {
            "mean": -0.002682004089979549,
            "std": 0.23985724019671348,
            "rms": 0.23987223436805388,
            "ptp": 1.898
        },
        "processed_time": {
            "mean": 0.0,
            "std": 0.0,
            "rms": 0.0,
            "ptp": 0.0
        },
        "raw_freq": {
            "baseline_energy": 0.0010835377503784216,
            "physiological_energy": 0.05450492812303937,
            "highfreq_noise_energy": 0.0004671373790811127,
            "powerline_50hz": 4.6134530390847455e-05,
            "powerline_60hz": 8.313812540231186e-06
        },
        "processed_freq": {
            "baseline_energy": 0.0,
            "physiological_energy": 0.0,
            "highfreq_noise_energy": 0.0,
            "powerline_50hz": 0.0,
            "powerline_60hz": 0.0
        },
        "snr_raw": 6.958068795550537,
        "snr_processed": 0.0,
        "correlation_raw_processed": NaN
    },
    "V1": {
        "raw_time": {
            "mean": -0.008335719154737563,
            "std": 0.34187466974726743,
            "rms": 0.34197627699685523,
            "ptp": 3.2249999999999996
        },
        "processed_time": {
            "mean": 0.0,
            "std": 0.0,
            "rms": 0.0,
            "ptp": 0.0
        },
        "raw_freq": {
            "baseline_energy": 0.0005235653452609671,
            "physiological_energy": 0.1207669038709455,
            "highfreq_noise_energy": 0.00016902041755746238,
            "powerline_50hz": 7.909026517057962e-06,
            "powerline_60hz": 1.9120487443866518e-06
        },
        "processed_freq": {
            "baseline_energy": 0.0,
            "physiological_energy": 0.0,
            "highfreq_noise_energy": 0.0,
            "powerline_50hz": 0.0,
            "powerline_60hz": 0.0
        },
        "snr_raw": 6.409952298604274,
        "snr_processed": 0.0,
        "correlation_raw_processed": NaN
    },
    "V5": {
        "raw_time": {
            "mean": -0.0016547375596455333,
            "std": 0.30315893728765164,
            "rms": 0.3031634532950329,
            "ptp": 2.882
        },
        "processed_time": {
            "mean": 0.0,
            "std": 0.0,
            "rms": 0.0,
            "ptp": 0.0
        },
        "raw_freq": {
            "baseline_energy": 0.0001837990896676646,
            "physiological_energy": 0.08709559252472598,
            "highfreq_noise_energy": 0.0001449624955413804,
            "powerline_50hz": 2.22359235142945e-06,
            "powerline_60hz": 1.2663065262398423e-06
        },
        "processed_freq": {
            "baseline_energy": 0.0,
            "physiological_energy": 0.0,
            "highfreq_noise_energy": 0.0,
            "powerline_50hz": 0.0,
            "powerline_60hz": 0.0
        },
        "snr_raw": 5.1310849629367254,
        "snr_processed": 0.0,
        "correlation_raw_processed": NaN
    }
}