{
    "I": {
        "raw_time": {
            "mean": -2.3503664957264956,
            "std": 0.8484709539506797,
            "rms": 2.4988248485901576,
            "ptp": 5.308
        },
        "processed_time": {
            "mean": 0.0,
            "std": 0.0,
            "rms": 0.0,
            "ptp": 0.0
        },
        "raw_freq": {
            "baseline_energy": 0.013032042574063173,
            "physiological_energy": 0.11583842416935215,
            "highfreq_noise_energy": 0.0005835934148710699,
            "powerline_50hz": 1.9536128310498996e-05,
            "powerline_60hz": 9.324508263828193e-07
        },
        "processed_freq": {
            "baseline_energy": 0.0,
            "physiological_energy": 0.0,
            "highfreq_noise_energy": 0.0,
            "powerline_50hz": 0.0,
            "powerline_60hz": 0.0
        },
        "snr_raw": 9.036177801400529,
        "snr_processed": 0.0,
        "correlation_raw_processed": NaN
    },
    "II": {
        "raw_time": {
            "mean": -0.33479213675213676,
            "std": 0.27259355399891444,
            "rms": 0.4317325798602887,
            "ptp": 1.263
        },
        "processed_time": {
            "mean": 0.0,
            "std": 0.0,
            "rms": 0.0,
            "ptp": 0.0
        },
        "raw_freq": {
            "baseline_energy": 0.0023433672652808804,
            "physiological_energy": 0.011107235877471854,
            "highfreq_noise_energy": 2.7979696514148377e-05,
            "powerline_50hz": 1.892371104806265e-06,
            "powerline_60hz": 1.0901780351240304e-06
        },
        "processed_freq": {
            "baseline_energy": 0.0,
            "physiological_energy": 0.0,
            "highfreq_noise_energy": 0.0,
            "powerline_50hz": 0.0,
            "powerline_60hz": 0.0
        },
        "snr_raw": 18.004748552482166,
        "snr_processed": 0.0,
        "correlation_raw_processed": NaN
    },
    "V1": {
        "raw_time": {
            "mean": -1.0372649572649573,
            "std": 0.3877966978424092,
            "rms": 1.107386504535499,
            "ptp": 2.4770000000000003
        },
        "processed_time": {
            "mean": 0.0,
            "std": 0.0,
            "rms": 0.0,
            "ptp": 0.0
        },
        "raw_freq": {
            "baseline_energy": 0.002410878008644383,
            "physiological_energy": 0.02240003978814001,
            "highfreq_noise_energy": 0.00014625619945707322,
            "powerline_50hz": 5.7958628145325566e-06,
            "powerline_60hz": 5.941570701914068e-07
        },
        "processed_freq": {
            "baseline_energy": 0.0,
            "physiological_energy": 0.0,
            "highfreq_noise_energy": 0.0,
            "powerline_50hz": 0.0,
            "powerline_60hz": 0.0
        },
        "snr_raw": 13.502662826520053,
        "snr_processed": 0.0,
        "correlation_raw_processed": NaN
    },
    "V5": {
        "raw_time": {
            "mean": -1.1314765811965812,
            "std": 0.4393107560619596,
            "rms": 1.2137681797559343,
            "ptp": 2.689
        },
        "processed_time": {
            "mean": 0.0,
            "std": 0.0,
            "rms": 0.0,
            "ptp": 0.0
        },
        "raw_freq": {
            "baseline_energy": 0.0032522002655144206,
            "physiological_energy": 0.0563551368490843,
            "highfreq_noise_energy": 9.520214687128147e-05,
            "powerline_50hz": 7.592975279160689e-06,
            "powerline_60hz": 2.349865275298387e-06
        },
        "processed_freq": {
            "baseline_energy": 0.0,
            "physiological_energy": 0.0,
            "highfreq_noise_energy": 0.0,
            "powerline_50hz": 0.0,
            "powerline_60hz": 0.0
        },
        "snr_raw": 10.94370344490318,
        "snr_processed": 0.0,
        "correlation_raw_processed": NaN
    }
}